trial_index,selected,architecture,seed,credibility_features,hidden_size,num_layers,dropout,head_hidden_size,epochs_requested,epochs_completed,learning_rate,batch_size,validation_split,best_epoch,weight_decay,target_mode,text_encoder,text_adapter_dim,text_embedding_dim,text_pool_lambda_inv_days,combined_rmse,loss,close_rmse,volatility_rmse,train_combined_rmse,train_close_rmse,train_volatility_rmse,train_loss,val_combined_rmse,val_close_rmse,val_volatility_rmse,test_combined_rmse,test_close_rmse,test_volatility_rmse,fold_id,protocol,checkpoint_saved,checkpoint_path,hp_combo_id
1,False,gru,11,False,256,3,0.2,32,40,11,0.0003,64,0.2,3,0.0001,real,,0,0,30.0,inf,1.1710238767872876,inf,inf,inf,inf,inf,0.8549680968371681,inf,inf,inf,inf,inf,inf,wf_fold_1,walk-forward,False,/root/fed-pulse/backend/models/forecaster_best.pt,29
2,False,gru,11,False,256,3,0.2,32,40,25,0.0003,64,0.2,17,0.0001,real,,0,0,30.0,inf,0.6387502596721993,inf,inf,inf,inf,inf,0.7175520045970514,inf,inf,inf,inf,inf,inf,wf_fold_2,walk-forward,False,/root/fed-pulse/backend/models/forecaster_best.pt,29
3,False,gru,11,False,256,3,0.2,32,40,9,0.0003,64,0.2,1,0.0001,real,,0,0,30.0,inf,1.151024341583252,inf,inf,inf,inf,inf,0.8865124524964226,inf,inf,inf,inf,inf,inf,wf_fold_3,walk-forward,False,/root/fed-pulse/backend/models/forecaster_best.pt,29
4,False,gru,11,False,256,3,0.2,32,40,11,0.0003,64,0.2,3,0.0001,real,,0,0,30.0,inf,1.0428759602147049,inf,inf,inf,inf,inf,0.8260735025977896,inf,inf,inf,inf,inf,inf,wf_fold_4,walk-forward,False,/root/fed-pulse/backend/models/forecaster_best.pt,29
5,False,gru,11,False,128,3,0.2,32,40,11,0.001,64,0.2,3,0.0001,real,,0,0,30.0,inf,1.1860165152798736,inf,inf,inf,inf,inf,0.8318410082210287,inf,inf,inf,inf,inf,inf,wf_fold_1,walk-forward,False,/root/fed-pulse/backend/models/forecaster_best.pt,15
6,False,gru,11,False,128,3,0.2,32,40,27,0.001,64,0.2,19,0.0001,real,,0,0,30.0,inf,0.5815801153311858,inf,inf,inf,inf,inf,0.6442549868327815,inf,inf,inf,inf,inf,inf,wf_fold_2,walk-forward,False,/root/fed-pulse/backend/models/forecaster_best.pt,15
7,False,gru,11,False,128,3,0.2,32,40,15,0.001,64,0.2,7,0.0001,real,,0,0,30.0,inf,1.6066357515476368,inf,inf,inf,inf,inf,0.7788680950800578,inf,inf,inf,inf,inf,inf,wf_fold_3,walk-forward,False,/root/fed-pulse/backend/models/forecaster_best.pt,15
8,False,gru,11,False,128,3,0.2,32,40,10,0.001,64,0.2,2,0.0001,real,,0,0,30.0,inf,1.1352942131263606,inf,inf,inf,inf,inf,0.8240972971852126,inf,inf,inf,inf,inf,inf,wf_fold_4,walk-forward,False,/root/fed-pulse/backend/models/forecaster_best.pt,15
9,False,gru,11,False,256,3,0.1,32,40,9,0.0003,64,0.2,1,0.0,real,,0,0,30.0,inf,1.1334090548188231,inf,inf,inf,inf,inf,0.8841573364859237,inf,inf,inf,inf,inf,inf,wf_fold_1,walk-forward,False,/root/fed-pulse/backend/models/forecaster_best.pt,24
10,False,gru,11,False,256,3,0.1,32,40,23,0.0003,64,0.2,15,0.0,real,,0,0,30.0,inf,0.5997205220901214,inf,inf,inf,inf,inf,0.7098637152493484,inf,inf,inf,inf,inf,inf,wf_fold_2,walk-forward,False,/root/fed-pulse/backend/models/forecaster_best.pt,24
11,False,gru,11,False,256,3,0.1,32,40,9,0.0003,64,0.2,1,0.0,real,,0,0,30.0,inf,1.134414341714647,inf,inf,inf,inf,inf,0.8814708708833765,inf,inf,inf,inf,inf,inf,wf_fold_3,walk-forward,False,/root/fed-pulse/backend/models/forecaster_best.pt,24
12,False,gru,11,False,256,3,0.1,32,40,11,0.0003,64,0.2,3,0.0,real,,0,0,30.0,inf,1.0682710199825718,inf,inf,inf,inf,inf,0.8236679265788497,inf,inf,inf,inf,inf,inf,wf_fold_4,walk-forward,False,/root/fed-pulse/backend/models/forecaster_best.pt,24
13,False,gru,11,False,256,2,0.1,32,40,13,0.0003,64,0.2,5,0.0001,real,,0,0,30.0,inf,1.157449480497398,inf,inf,inf,inf,inf,0.8014645445452865,inf,inf,inf,inf,inf,inf,wf_fold_1,walk-forward,False,/root/fed-pulse/backend/models/forecaster_best.pt,17
14,False,gru,11,False,256,2,0.1,32,40,19,0.0003,64,0.2,11,0.0001,real,,0,0,30.0,inf,0.5717532916648967,inf,inf,inf,inf,inf,0.7261610468228658,inf,inf,inf,inf,inf,inf,wf_fold_2,walk-forward,False,/root/fed-pulse/backend/models/forecaster_best.pt,17
15,False,gru,11,False,256,2,0.1,32,40,10,0.0003,64,0.2,2,0.0001,real,,0,0,30.0,inf,1.0974541814238936,inf,inf,inf,inf,inf,0.8556132829630816,inf,inf,inf,inf,inf,inf,wf_fold_3,walk-forward,False,/root/fed-pulse/backend/models/forecaster_best.pt,17
16,False,gru,11,False,256,2,0.1,32,40,11,0.0003,64,0.2,3,0.0001,real,,0,0,30.0,inf,1.075287068191642,inf,inf,inf,inf,inf,0.8245206957177976,inf,inf,inf,inf,inf,inf,wf_fold_4,walk-forward,False,/root/fed-pulse/backend/models/forecaster_best.pt,17
17,False,gru,11,False,128,3,0.1,32,40,11,0.0003,64,0.2,3,0.0,real,,0,0,30.0,inf,1.1294734168485607,inf,inf,inf,inf,inf,0.8722866235496066,inf,inf,inf,inf,inf,inf,wf_fold_1,walk-forward,False,/root/fed-pulse/backend/models/forecaster_best.pt,8
18,False,gru,11,False,128,3,0.1,32,40,20,0.0003,64,0.2,12,0.0,real,,0,0,30.0,inf,0.5467570657665665,inf,inf,inf,inf,inf,0.7567190666508868,inf,inf,inf,inf,inf,inf,wf_fold_2,walk-forward,False,/root/fed-pulse/backend/models/forecaster_best.pt,8
19,False,gru,11,False,128,3,0.1,32,40,10,0.0003,64,0.2,2,0.0,real,,0,0,30.0,inf,1.1304216208281341,inf,inf,inf,inf,inf,0.8855362251952842,inf,inf,inf,inf,inf,inf,wf_fold_3,walk-forward,False,/root/fed-pulse/backend/models/forecaster_best.pt,8
20,False,gru,11,False,128,3,0.1,32,40,11,0.0003,64,0.2,3,0.0,real,,0,0,30.0,inf,1.0385824934177317,inf,inf,inf,inf,inf,0.8551625339941976,inf,inf,inf,inf,inf,inf,wf_fold_4,walk-forward,False,/root/fed-pulse/backend/models/forecaster_best.pt,8
21,False,gru,29,False,256,3,0.2,32,40,9,0.0003,64,0.2,1,0.0001,real,,0,0,30.0,inf,1.0876132837485506,inf,inf,inf,inf,inf,0.9291614940446568,inf,inf,inf,inf,inf,inf,wf_fold_1,walk-forward,False,/root/fed-pulse/backend/models/forecaster_best.pt,29
22,False,gru,29,False,256,3,0.2,32,40,9,0.0003,64,0.2,1,0.0001,real,,0,0,30.0,inf,0.7451676852531262,inf,inf,inf,inf,inf,0.9067410194776891,inf,inf,inf,inf,inf,inf,wf_fold_2,walk-forward,False,/root/fed-pulse/backend/models/forecaster_best.pt,29
23,False,gru,29,False,256,3,0.2,32,40,21,0.0003,64,0.2,13,0.0001,real,,0,0,30.0,inf,1.3187089452037104,inf,inf,inf,inf,inf,0.7431390316398055,inf,inf,inf,inf,inf,inf,wf_fold_3,walk-forward,False,/root/fed-pulse/backend/models/forecaster_best.pt,29
24,False,gru,29,False,256,3,0.2,32,40,12,0.0003,64,0.2,4,0.0001,real,,0,0,30.0,inf,1.0662803593141037,inf,inf,inf,inf,inf,0.8132384986476996,inf,inf,inf,inf,inf,inf,wf_fold_4,walk-forward,False,/root/fed-pulse/backend/models/forecaster_best.pt,29
25,False,gru,29,False,128,3,0.2,32,40,13,0.001,64,0.2,5,0.0001,real,,0,0,30.0,inf,1.218353998534268,inf,inf,inf,inf,inf,0.8079843493231633,inf,inf,inf,inf,inf,inf,wf_fold_1,walk-forward,False,/root/fed-pulse/backend/models/forecaster_best.pt,15
26,False,gru,29,False,128,3,0.2,32,40,15,0.001,64,0.2,7,0.0001,real,,0,0,30.0,inf,0.6396058228638795,inf,inf,inf,inf,inf,0.7439331839239695,inf,inf,inf,inf,inf,inf,wf_fold_2,walk-forward,False,/root/fed-pulse/backend/models/forecaster_best.pt,15
27,False,gru,29,False,128,3,0.2,32,40,9,0.001,64,0.2,1,0.0001,real,,0,0,30.0,inf,1.1276707958292078,inf,inf,inf,inf,inf,0.9294074468259458,inf,inf,inf,inf,inf,inf,wf_fold_3,walk-forward,False,/root/fed-pulse/backend/models/forecaster_best.pt,15
28,False,gru,29,False,128,3,0.2,32,40,12,0.001,64,0.2,4,0.0001,real,,0,0,30.0,inf,1.092182853363203,inf,inf,inf,inf,inf,0.7864638229005035,inf,inf,inf,inf,inf,inf,wf_fold_4,walk-forward,False,/root/fed-pulse/backend/models/forecaster_best.pt,15
29,False,gru,29,False,256,3,0.1,32,40,9,0.0003,64,0.2,1,0.0,real,,0,0,30.0,inf,1.0941797753388893,inf,inf,inf,inf,inf,0.928764140193307,inf,inf,inf,inf,inf,inf,wf_fold_1,walk-forward,False,/root/fed-pulse/backend/models/forecaster_best.pt,24
30,False,gru,29,False,256,3,0.1,32,40,15,0.0003,64,0.2,7,0.0,real,,0,0,30.0,inf,0.6273402872386279,inf,inf,inf,inf,inf,0.7618550927658391,inf,inf,inf,inf,inf,inf,wf_fold_2,walk-forward,False,/root/fed-pulse/backend/models/forecaster_best.pt,24
31,False,gru,29,False,256,3,0.1,32,40,11,0.0003,64,0.2,3,0.0,real,,0,0,30.0,inf,1.0976234232937847,inf,inf,inf,inf,inf,0.8559467216774269,inf,inf,inf,inf,inf,inf,wf_fold_3,walk-forward,False,/root/fed-pulse/backend/models/forecaster_best.pt,24
32,False,gru,29,False,256,3,0.1,32,40,12,0.0003,64,0.2,4,0.0,real,,0,0,30.0,inf,1.0657598157102408,inf,inf,inf,inf,inf,0.8066757207666261,inf,inf,inf,inf,inf,inf,wf_fold_4,walk-forward,False,/root/fed-pulse/backend/models/forecaster_best.pt,24
33,False,gru,29,False,256,2,0.1,32,40,15,0.0003,64,0.2,7,0.0001,real,,0,0,30.0,inf,1.187017199804645,inf,inf,inf,inf,inf,0.7781812970980895,inf,inf,inf,inf,inf,inf,wf_fold_1,walk-forward,False,/root/fed-pulse/backend/models/forecaster_best.pt,17
34,False,gru,29,False,256,2,0.1,32,40,13,0.0003,64,0.2,5,0.0001,real,,0,0,30.0,inf,0.5830344034207834,inf,inf,inf,inf,inf,0.7717799563718036,inf,inf,inf,inf,inf,inf,wf_fold_2,walk-forward,False,/root/fed-pulse/backend/models/forecaster_best.pt,17
35,False,gru,29,False,256,2,0.1,32,40,13,0.0003,64,0.2,5,0.0001,real,,0,0,30.0,inf,1.2425333703005756,inf,inf,inf,inf,inf,0.8071876290109422,inf,inf,inf,inf,inf,inf,wf_fold_3,walk-forward,False,/root/fed-pulse/backend/models/forecaster_best.pt,17
36,False,gru,29,False,256,2,0.1,32,40,12,0.0003,64,0.2,4,0.0001,real,,0,0,30.0,inf,1.1180627839316444,inf,inf,inf,inf,inf,0.7823557665315667,inf,inf,inf,inf,inf,inf,wf_fold_4,walk-forward,False,/root/fed-pulse/backend/models/forecaster_best.pt,17
37,False,gru,29,False,128,3,0.1,32,40,15,0.0003,64,0.2,7,0.0,real,,0,0,30.0,inf,1.1801517664323848,inf,inf,inf,inf,inf,0.816096170701573,inf,inf,inf,inf,inf,inf,wf_fold_1,walk-forward,False,/root/fed-pulse/backend/models/forecaster_best.pt,8
38,False,gru,29,False,128,3,0.1,32,40,9,0.0003,64,0.2,1,0.0,real,,0,0,30.0,inf,0.8395673460788555,inf,inf,inf,inf,inf,0.9145989559530243,inf,inf,inf,inf,inf,inf,wf_fold_2,walk-forward,False,/root/fed-pulse/backend/models/forecaster_best.pt,8
39,False,gru,29,False,128,3,0.1,32,40,10,0.0003,64,0.2,2,0.0,real,,0,0,30.0,inf,1.0977011698263663,inf,inf,inf,inf,inf,0.9001798590907344,inf,inf,inf,inf,inf,inf,wf_fold_3,walk-forward,False,/root/fed-pulse/backend/models/forecaster_best.pt,8
40,False,gru,29,False,128,3,0.1,32,40,13,0.0003,64,0.2,5,0.0,real,,0,0,30.0,inf,1.1131377388845807,inf,inf,inf,inf,inf,0.8069794833937262,inf,inf,inf,inf,inf,inf,wf_fold_4,walk-forward,False,/root/fed-pulse/backend/models/forecaster_best.pt,8
41,False,gru,47,False,256,3,0.2,32,40,14,0.0003,64,0.2,6,0.0001,real,,0,0,30.0,inf,1.137587524377093,inf,inf,inf,inf,inf,0.8020156013141616,inf,inf,inf,inf,inf,inf,wf_fold_1,walk-forward,False,/root/fed-pulse/backend/models/forecaster_best.pt,29
42,False,gru,47,False,256,3,0.2,32,40,14,0.0003,64,0.2,6,0.0001,real,,0,0,30.0,inf,0.6858016319640048,inf,inf,inf,inf,inf,0.7648651300407038,inf,inf,inf,inf,inf,inf,wf_fold_2,walk-forward,False,/root/fed-pulse/backend/models/forecaster_best.pt,29
43,False,gru,47,False,256,3,0.2,32,40,13,0.0003,64,0.2,5,0.0001,real,,0,0,30.0,inf,1.1792413746869121,inf,inf,inf,inf,inf,0.8159281484285991,inf,inf,inf,inf,inf,inf,wf_fold_3,walk-forward,False,/root/fed-pulse/backend/models/forecaster_best.pt,29
44,False,gru,47,False,256,3,0.2,32,40,11,0.0003,64,0.2,3,0.0001,real,,0,0,30.0,inf,1.0824714425005324,inf,inf,inf,inf,inf,0.8437964364636553,inf,inf,inf,inf,inf,inf,wf_fold_4,walk-forward,False,/root/fed-pulse/backend/models/forecaster_best.pt,29
45,False,gru,47,False,128,3,0.2,32,40,16,0.001,64,0.2,8,0.0001,real,,0,0,30.0,inf,1.1945165111781306,inf,inf,inf,inf,inf,0.7499921790869846,inf,inf,inf,inf,inf,inf,wf_fold_1,walk-forward,False,/root/fed-pulse/backend/models/forecaster_best.pt,15
46,False,gru,47,False,128,3,0.2,32,40,15,0.001,64,0.2,7,0.0001,real,,0,0,30.0,inf,0.7167689555937106,inf,inf,inf,inf,inf,0.7487130051705896,inf,inf,inf,inf,inf,inf,wf_fold_2,walk-forward,False,/root/fed-pulse/backend/models/forecaster_best.pt,15
47,False,gru,47,False,128,3,0.2,32,40,22,0.001,64,0.2,14,0.0001,real,,0,0,30.0,inf,1.6188969082302518,inf,inf,inf,inf,inf,0.7008570489176997,inf,inf,inf,inf,inf,inf,wf_fold_3,walk-forward,False,/root/fed-pulse/backend/models/forecaster_best.pt,15
48,False,gru,47,False,128,3,0.2,32,40,10,0.001,64,0.2,2,0.0001,real,,0,0,30.0,inf,1.0532020442905567,inf,inf,inf,inf,inf,0.8469066510481456,inf,inf,inf,inf,inf,inf,wf_fold_4,walk-forward,False,/root/fed-pulse/backend/models/forecaster_best.pt,15
49,False,gru,47,False,256,3,0.1,32,40,14,0.0003,64,0.2,6,0.0,real,,0,0,30.0,inf,1.148108147062162,inf,inf,inf,inf,inf,0.7862525201782511,inf,inf,inf,inf,inf,inf,wf_fold_1,walk-forward,False,/root/fed-pulse/backend/models/forecaster_best.pt,24
50,False,gru,47,False,256,3,0.1,32,40,13,0.0003,64,0.2,5,0.0,real,,0,0,30.0,inf,0.7072081914893141,inf,inf,inf,inf,inf,0.7754104095745862,inf,inf,inf,inf,inf,inf,wf_fold_2,walk-forward,False,/root/fed-pulse/backend/models/forecaster_best.pt,24
51,False,gru,47,False,256,3,0.1,32,40,14,0.0003,64,0.2,6,0.0,real,,0,0,30.0,inf,1.0875459379620023,inf,inf,inf,inf,inf,0.8131220009591844,inf,inf,inf,inf,inf,inf,wf_fold_3,walk-forward,False,/root/fed-pulse/backend/models/forecaster_best.pt,24
52,False,gru,47,False,256,3,0.1,32,40,11,0.0003,64,0.2,3,0.0,real,,0,0,30.0,inf,1.1182815837296682,inf,inf,inf,inf,inf,0.8484793573458077,inf,inf,inf,inf,inf,inf,wf_fold_4,walk-forward,False,/root/fed-pulse/backend/models/forecaster_best.pt,24
53,False,gru,47,False,256,2,0.1,32,40,12,0.0003,64,0.2,4,0.0001,real,,0,0,30.0,inf,1.1611293099656397,inf,inf,inf,inf,inf,0.8141162490429982,inf,inf,inf,inf,inf,inf,wf_fold_1,walk-forward,False,/root/fed-pulse/backend/models/forecaster_best.pt,17
54,False,gru,47,False,256,2,0.1,32,40,18,0.0003,64,0.2,10,0.0001,real,,0,0,30.0,inf,0.6076069052691933,inf,inf,inf,inf,inf,0.7271241252015277,inf,inf,inf,inf,inf,inf,wf_fold_2,walk-forward,False,/root/fed-pulse/backend/models/forecaster_best.pt,17
55,False,gru,47,False,256,2,0.1,32,40,9,0.0003,64,0.2,1,0.0001,real,,0,0,30.0,inf,1.1100614644862987,inf,inf,inf,inf,inf,0.8849358259307014,inf,inf,inf,inf,inf,inf,wf_fold_3,walk-forward,False,/root/fed-pulse/backend/models/forecaster_best.pt,17
56,False,gru,47,False,256,2,0.1,32,40,12,0.0003,64,0.2,4,0.0001,real,,0,0,30.0,inf,1.162889352186157,inf,inf,inf,inf,inf,0.7949798368933876,inf,inf,inf,inf,inf,inf,wf_fold_4,walk-forward,False,/root/fed-pulse/backend/models/forecaster_best.pt,17
57,False,gru,47,False,128,3,0.1,32,40,12,0.0003,64,0.2,4,0.0,real,,0,0,30.0,inf,1.1416773942123428,inf,inf,inf,inf,inf,0.852914709248534,inf,inf,inf,inf,inf,inf,wf_fold_1,walk-forward,False,/root/fed-pulse/backend/models/forecaster_best.pt,8
58,False,gru,47,False,128,3,0.1,32,40,12,0.0003,64,0.2,4,0.0,real,,0,0,30.0,inf,0.640458339237952,inf,inf,inf,inf,inf,0.824081951379776,inf,inf,inf,inf,inf,inf,wf_fold_2,walk-forward,False,/root/fed-pulse/backend/models/forecaster_best.pt,8
59,False,gru,47,False,128,3,0.1,32,40,10,0.0003,64,0.2,2,0.0,real,,0,0,30.0,inf,1.100379678938124,inf,inf,inf,inf,inf,0.8856633391203703,inf,inf,inf,inf,inf,inf,wf_fold_3,walk-forward,False,/root/fed-pulse/backend/models/forecaster_best.pt,8
60,False,gru,47,False,128,3,0.1,32,40,12,0.0003,64,0.2,4,0.0,real,,0,0,30.0,inf,1.0320612832516491,inf,inf,inf,inf,inf,0.8385852315920518,inf,inf,inf,inf,inf,inf,wf_fold_4,walk-forward,False,/root/fed-pulse/backend/models/forecaster_best.pt,8
61,False,gru,71,False,256,3,0.2,32,40,13,0.0003,64,0.2,5,0.0001,real,,0,0,30.0,inf,1.2263832545744204,inf,inf,inf,inf,inf,0.8324828192963524,inf,inf,inf,inf,inf,inf,wf_fold_1,walk-forward,False,/root/fed-pulse/backend/models/forecaster_best.pt,29
62,False,gru,71,False,256,3,0.2,32,40,11,0.0003,64,0.2,3,0.0001,real,,0,0,30.0,inf,0.6977825027865332,inf,inf,inf,inf,inf,0.8136674377007213,inf,inf,inf,inf,inf,inf,wf_fold_2,walk-forward,False,/root/fed-pulse/backend/models/forecaster_best.pt,29
63,False,gru,71,False,256,3,0.2,32,40,11,0.0003,64,0.2,3,0.0001,real,,0,0,30.0,inf,1.067954182624817,inf,inf,inf,inf,inf,0.8413857205708821,inf,inf,inf,inf,inf,inf,wf_fold_3,walk-forward,False,/root/fed-pulse/backend/models/forecaster_best.pt,29
64,False,gru,71,False,256,3,0.2,32,40,12,0.0003,64,0.2,4,0.0001,real,,0,0,30.0,inf,1.1479151258884535,inf,inf,inf,inf,inf,0.810446807646455,inf,inf,inf,inf,inf,inf,wf_fold_4,walk-forward,False,/root/fed-pulse/backend/models/forecaster_best.pt,29
65,False,gru,71,False,128,3,0.2,32,40,13,0.001,64,0.2,5,0.0001,real,,0,0,30.0,inf,1.262391335846072,inf,inf,inf,inf,inf,0.8344362450883558,inf,inf,inf,inf,inf,inf,wf_fold_1,walk-forward,False,/root/fed-pulse/backend/models/forecaster_best.pt,15
66,False,gru,71,False,128,3,0.2,32,40,16,0.001,64,0.2,8,0.0001,real,,0,0,30.0,inf,0.5388691183683034,inf,inf,inf,inf,inf,0.7169482915382075,inf,inf,inf,inf,inf,inf,wf_fold_2,walk-forward,False,/root/fed-pulse/backend/models/forecaster_best.pt,15
67,False,gru,71,False,128,3,0.2,32,40,16,0.001,64,0.2,8,0.0001,real,,0,0,30.0,inf,1.4063605423326846,inf,inf,inf,inf,inf,0.755221903235824,inf,inf,inf,inf,inf,inf,wf_fold_3,walk-forward,False,/root/fed-pulse/backend/models/forecaster_best.pt,15
68,False,gru,71,False,128,3,0.2,32,40,9,0.001,64,0.2,1,0.0001,real,,0,0,30.0,inf,1.067869694391788,inf,inf,inf,inf,inf,0.880702270205316,inf,inf,inf,inf,inf,inf,wf_fold_4,walk-forward,False,/root/fed-pulse/backend/models/forecaster_best.pt,15
69,False,gru,71,False,256,3,0.1,32,40,13,0.0003,64,0.2,5,0.0,real,,0,0,30.0,inf,1.184449430942578,inf,inf,inf,inf,inf,0.8284066542366367,inf,inf,inf,inf,inf,inf,wf_fold_1,walk-forward,False,/root/fed-pulse/backend/models/forecaster_best.pt,24
70,False,gru,71,False,256,3,0.1,32,40,14,0.0003,64,0.2,6,0.0,real,,0,0,30.0,inf,0.5979619973951632,inf,inf,inf,inf,inf,0.754265929334532,inf,inf,inf,inf,inf,inf,wf_fold_2,walk-forward,False,/root/fed-pulse/backend/models/forecaster_best.pt,24
71,False,gru,71,False,256,3,0.1,32,40,13,0.0003,64,0.2,5,0.0,real,,0,0,30.0,inf,1.148048065326832,inf,inf,inf,inf,inf,0.8069688384621232,inf,inf,inf,inf,inf,inf,wf_fold_3,walk-forward,False,/root/fed-pulse/backend/models/forecaster_best.pt,24
72,False,gru,71,False,256,3,0.1,32,40,12,0.0003,64,0.2,4,0.0,real,,0,0,30.0,inf,1.1501747858885036,inf,inf,inf,inf,inf,0.7970751643922357,inf,inf,inf,inf,inf,inf,wf_fold_4,walk-forward,False,/root/fed-pulse/backend/models/forecaster_best.pt,24
73,False,gru,71,False,256,2,0.1,32,40,32,0.0003,64,0.2,24,0.0001,real,,0,0,30.0,inf,1.300876219503935,inf,inf,inf,inf,inf,0.6766022212697557,inf,inf,inf,inf,inf,inf,wf_fold_1,walk-forward,False,/root/fed-pulse/backend/models/forecaster_best.pt,17
74,False,gru,71,False,256,2,0.1,32,40,11,0.0003,64,0.2,3,0.0001,real,,0,0,30.0,inf,0.5903357092861656,inf,inf,inf,inf,inf,0.8144009489354079,inf,inf,inf,inf,inf,inf,wf_fold_2,walk-forward,False,/root/fed-pulse/backend/models/forecaster_best.pt,17
75,False,gru,71,False,256,2,0.1,32,40,11,0.0003,64,0.2,3,0.0001,real,,0,0,30.0,inf,1.0950936432237979,inf,inf,inf,inf,inf,0.8333878064155579,inf,inf,inf,inf,inf,inf,wf_fold_3,walk-forward,False,/root/fed-pulse/backend/models/forecaster_best.pt,17
76,False,gru,71,False,256,2,0.1,32,40,12,0.0003,64,0.2,4,0.0001,real,,0,0,30.0,inf,1.1434417954693747,inf,inf,inf,inf,inf,0.7851874296269241,inf,inf,inf,inf,inf,inf,wf_fold_4,walk-forward,False,/root/fed-pulse/backend/models/forecaster_best.pt,17
77,False,gru,71,False,128,3,0.1,32,40,9,0.0003,64,0.2,1,0.0,real,,0,0,30.0,inf,1.1077875551023664,inf,inf,inf,inf,inf,0.9180919936404711,inf,inf,inf,inf,inf,inf,wf_fold_1,walk-forward,False,/root/fed-pulse/backend/models/forecaster_best.pt,8
78,False,gru,71,False,128,3,0.1,32,40,23,0.0003,64,0.2,15,0.0,real,,0,0,30.0,inf,0.5763759655995412,inf,inf,inf,inf,inf,0.7414236954557217,inf,inf,inf,inf,inf,inf,wf_fold_2,walk-forward,False,/root/fed-pulse/backend/models/forecaster_best.pt,8
79,False,gru,71,False,128,3,0.1,32,40,11,0.0003,64,0.2,3,0.0,real,,0,0,30.0,inf,1.1443528555057667,inf,inf,inf,inf,inf,0.8658203691023367,inf,inf,inf,inf,inf,inf,wf_fold_3,walk-forward,False,/root/fed-pulse/backend/models/forecaster_best.pt,8
80,False,gru,71,False,128,3,0.1,32,40,10,0.0003,64,0.2,2,0.0,real,,0,0,30.0,inf,1.0278767188219815,inf,inf,inf,inf,inf,0.8632203606183664,inf,inf,inf,inf,inf,inf,wf_fold_4,walk-forward,False,/root/fed-pulse/backend/models/forecaster_best.pt,8
81,False,gru,97,False,256,3,0.2,32,40,10,0.0003,64,0.2,2,0.0001,real,,0,0,30.0,inf,1.1801154565882679,inf,inf,inf,inf,inf,0.8629185365904654,inf,inf,inf,inf,inf,inf,wf_fold_1,walk-forward,False,/root/fed-pulse/backend/models/forecaster_best.pt,29
82,False,gru,97,False,256,3,0.2,32,40,21,0.0003,64,0.2,13,0.0001,real,,0,0,30.0,inf,0.5596082747519553,inf,inf,inf,inf,inf,0.7212298783829542,inf,inf,inf,inf,inf,inf,wf_fold_2,walk-forward,False,/root/fed-pulse/backend/models/forecaster_best.pt,29
83,False,gru,97,False,256,3,0.2,32,40,11,0.0003,64,0.2,3,0.0001,real,,0,0,30.0,inf,1.2080158480891474,inf,inf,inf,inf,inf,0.8486962963916638,inf,inf,inf,inf,inf,inf,wf_fold_3,walk-forward,False,/root/fed-pulse/backend/models/forecaster_best.pt,29
84,False,gru,97,False,256,3,0.2,32,40,12,0.0003,64,0.2,4,0.0001,real,,0,0,30.0,inf,1.1053729358603892,inf,inf,inf,inf,inf,0.7993103301112877,inf,inf,inf,inf,inf,inf,wf_fold_4,walk-forward,False,/root/fed-pulse/backend/models/forecaster_best.pt,29
85,False,gru,97,False,128,3,0.2,32,40,12,0.001,64,0.2,4,0.0001,real,,0,0,30.0,inf,1.1506476939749475,inf,inf,inf,inf,inf,0.805764478737831,inf,inf,inf,inf,inf,inf,wf_fold_1,walk-forward,False,/root/fed-pulse/backend/models/forecaster_best.pt,15
86,False,gru,97,False,128,3,0.2,32,40,13,0.001,64,0.2,5,0.0001,real,,0,0,30.0,inf,0.706218315674378,inf,inf,inf,inf,inf,0.7709275619770454,inf,inf,inf,inf,inf,inf,wf_fold_2,walk-forward,False,/root/fed-pulse/backend/models/forecaster_best.pt,15
87,False,gru,97,False,128,3,0.2,32,40,13,0.001,64,0.2,5,0.0001,real,,0,0,30.0,inf,1.1378806123027094,inf,inf,inf,inf,inf,0.8335113835334778,inf,inf,inf,inf,inf,inf,wf_fold_3,walk-forward,False,/root/fed-pulse/backend/models/forecaster_best.pt,15
88,False,gru,97,False,128,3,0.2,32,40,12,0.001,64,0.2,4,0.0001,real,,0,0,30.0,inf,1.1735496386715905,inf,inf,inf,inf,inf,0.7647499960549787,inf,inf,inf,inf,inf,inf,wf_fold_4,walk-forward,False,/root/fed-pulse/backend/models/forecaster_best.pt,15
89,False,gru,97,False,256,3,0.1,32,40,18,0.0003,64,0.2,10,0.0,real,,0,0,30.0,inf,1.1221390625955732,inf,inf,inf,inf,inf,0.7411173430049393,inf,inf,inf,inf,inf,inf,wf_fold_1,walk-forward,False,/root/fed-pulse/backend/models/forecaster_best.pt,24
90,False,gru,97,False,256,3,0.1,32,40,12,0.0003,64,0.2,4,0.0,real,,0,0,30.0,inf,0.6753120062587498,inf,inf,inf,inf,inf,0.7936851861031075,inf,inf,inf,inf,inf,inf,wf_fold_2,walk-forward,False,/root/fed-pulse/backend/models/forecaster_best.pt,24
91,False,gru,97,False,256,3,0.1,32,40,11,0.0003,64,0.2,3,0.0,real,,0,0,30.0,inf,1.2345378089834143,inf,inf,inf,inf,inf,0.8421833289111103,inf,inf,inf,inf,inf,inf,wf_fold_3,walk-forward,False,/root/fed-pulse/backend/models/forecaster_best.pt,24
92,False,gru,97,False,256,3,0.1,32,40,14,0.0003,64,0.2,6,0.0,real,,0,0,30.0,inf,1.1919284633118472,inf,inf,inf,inf,inf,0.7503722844271193,inf,inf,inf,inf,inf,inf,wf_fold_4,walk-forward,False,/root/fed-pulse/backend/models/forecaster_best.pt,24
93,False,gru,97,False,256,2,0.1,32,40,10,0.0003,64,0.2,2,0.0001,real,,0,0,30.0,inf,1.1366478978716785,inf,inf,inf,inf,inf,0.8589892481383589,inf,inf,inf,inf,inf,inf,wf_fold_1,walk-forward,False,/root/fed-pulse/backend/models/forecaster_best.pt,17
94,True,gru,97,False,256,2,0.1,32,40,14,0.0003,64,0.2,6,0.0001,real,,0,0,30.0,inf,0.53268430630366,inf,inf,inf,inf,inf,0.7621065203251878,inf,inf,inf,inf,inf,inf,wf_fold_2,walk-forward,False,/root/fed-pulse/backend/models/forecaster_best.pt,17
95,False,gru,97,False,256,2,0.1,32,40,10,0.0003,64,0.2,2,0.0001,real,,0,0,30.0,inf,1.0899273289574518,inf,inf,inf,inf,inf,0.8589198589324951,inf,inf,inf,inf,inf,inf,wf_fold_3,walk-forward,False,/root/fed-pulse/backend/models/forecaster_best.pt,17
96,False,gru,97,False,256,2,0.1,32,40,14,0.0003,64,0.2,6,0.0001,real,,0,0,30.0,inf,1.1842557779829428,inf,inf,inf,inf,inf,0.7485817492736992,inf,inf,inf,inf,inf,inf,wf_fold_4,walk-forward,False,/root/fed-pulse/backend/models/forecaster_best.pt,17
97,False,gru,97,False,128,3,0.1,32,40,12,0.0003,64,0.2,4,0.0,real,,0,0,30.0,inf,1.128873421476696,inf,inf,inf,inf,inf,0.8401645869885088,inf,inf,inf,inf,inf,inf,wf_fold_1,walk-forward,False,/root/fed-pulse/backend/models/forecaster_best.pt,8
98,False,gru,97,False,128,3,0.1,32,40,29,0.0003,64,0.2,21,0.0,real,,0,0,30.0,inf,0.5959711831969183,inf,inf,inf,inf,inf,0.7290443772222938,inf,inf,inf,inf,inf,inf,wf_fold_2,walk-forward,False,/root/fed-pulse/backend/models/forecaster_best.pt,8
99,False,gru,97,False,128,3,0.1,32,40,13,0.0003,64,0.2,5,0.0,real,,0,0,30.0,inf,1.1612209214104547,inf,inf,inf,inf,inf,0.8324083521631029,inf,inf,inf,inf,inf,inf,wf_fold_3,walk-forward,False,/root/fed-pulse/backend/models/forecaster_best.pt,8
100,False,gru,97,False,128,3,0.1,32,40,12,0.0003,64,0.2,4,0.0,real,,0,0,30.0,inf,1.0922710740465846,inf,inf,inf,inf,inf,0.8057128831295269,inf,inf,inf,inf,inf,inf,wf_fold_4,walk-forward,False,/root/fed-pulse/backend/models/forecaster_best.pt,8
